[
  {
    "buildingCode": "COH",
    "description": "\"Please turn up the AC in suite 1200D. It is too hot",
    "here.\",": null,
    "currentStatus": "Created",
    "createdBy": "Jayalalithaa",
    "createdDate": "2019-08-01T14:25:43.511Z",
    "lastModifiedBy": "M. Stalin",
    "lastModifiedDate": "2019-08-01T15:01:23.511Z"
  },
  {
    "buildingCode": "COE",
    "description": "\"Please turn up the Heater in suite 1200P. It is too Cold",
    "here.\",": null,
    "currentStatus": "Created",
    "createdBy": "Narendra Modi",
    "createdDate": "2019-08-01T14:25:43.511Z",
    "lastModifiedBy": "Karunanidhi",
    "lastModifiedDate": "2021-08-01T15:01:23.511Z"
  }
]