{
    "Routes": [
        {
            "DownstreamPathTemplate": "/api/login",
            "DownstreamScheme": "https",
            "DownstreamHostAndPorts": [
                {
                    "Host": "localhost",
                    "Port": 44337
                }
            ],
            "UpstreamPathTemplate": "/gateway/login",
            "UpstreamHttpMethod": [ "POST", "PUT", "GET" ]
        },
        {
            "DownstreamPathTemplate": "/api/Product",
            "DownstreamScheme": "https",
            "DownstreamHostAndPorts": [
                {
                    "Host": "localhost",
                    "Port": 44337
                }
            ],
            "UpstreamPathTemplate": "/gateway/Product",
            "UpstreamHttpMethod": [ "POST", "PUT", "GET" ],
            "AuthenticationOptions": {
                "AuthenticationProviderKey": "Bearer",
                "AllowedScopes": []
            }
        },
        {
            "DownstreamPathTemplate": "/api/Customer",
            "DownstreamScheme": "https",
            "DownstreamHostAndPorts": [
                {
                    "Host": "localhost",
                    "Port": 44337
                }
            ],
            "UpstreamPathTemplate": "/gateway/Customer",
            "UpstreamHttpMethod": [ "POST", "PUT", "GET" ],
            "AuthenticationOptions": {
                "AuthenticationProviderKey": "Bearer",
                "AllowedScopes": []
            }
        },
        {
            "DownstreamPathTemplate": "/api/contract",
            "DownstreamScheme": "https",
            "DownstreamHostAndPorts": [
                {
                    "Host": "localhost",
                    "Port": 44337
                }
            ],
            "UpstreamPathTemplate": "/gateway/contract",
            "UpstreamHttpMethod": [ "POST", "PUT", "GET" ],
            "AuthenticationOptions": {
                "AuthenticationProviderKey": "Bearer",
                "AllowedScopes": []
            }
        },
        {
            "DownstreamPathTemplate": "/api/contract/{id}",
            "DownstreamScheme": "https",
            "DownstreamHostAndPorts": [
                {
                    "Host": "localhost",
                    "Port": 44337
                }
            ],
            "UpstreamPathTemplate": "/gateway/contract/{id}",
            "UpstreamHttpMethod": [ "GET", "DELETE" ],
            "AuthenticationOptions": {
                "AuthenticationProviderKey": "Bearer",
                "AllowedScopes": []
            }

        }

    ],
    "GlobalConfiguration": {
        "BaseUrl": "http://localhost:44382"
    }

}